facility_name,facility_code,state_abbr,county_fips,county_name,unusual_flag,unusual_type,notes
ABILENE REGIONAL MED CTR,ABRMCTX,TX,,,TRUE,hospital,
ADAMS COUNTY,ADAMSWA,WA,,,,,
ADAMS COUNTY DET CENTER,ADAMSMS,MS,,,,,
ADELANTO ICE PROCESSING CENTER,ADLNTCA,CA,,,TRUE,staging_processing,
AGANA INS,AGAHOLD,,,,,,
"AIRPORT HOTEL, SAJ.",AIRHOPR,PR,,,TRUE,hotel_motel,
ALAMANCE CO. DET. FACILITY,ALAMCNC,NC,,,,,
ALAMOSA COUNTY JAIL,ALAMOCO,CO,,,,,
ALAMOSA HOLDROOM,ALMHOLD,,,,TRUE,hold_room,
ALBANY HOLDROOM,ALBHOLD,,,,TRUE,hold_room,
ALBUQUERQUE HOLD ROOM,ABQHOLD,NM,,,TRUE,hold_room,
ALEXANDRIA STAGING FACILITY,JENATLA,LA,,,TRUE,staging_processing,
ALLEN COUNTY JAIL,ALLENIN,IN,,,,,
ALLEN PARISH PUBLIC SAFETY COMPLEX,APPSCLA,LA,,,,,
ALVARADO PARKWAY INSTITUTE,APIBHCA,CA,,,,,
AMARILLO HOLD ROOM,AMTHOLD,,,,TRUE,hold_room,
ANAHEIM GLOBAL MEDICAL CENTER,AGMDCCA,CA,,,,,
ANCHORAGE JAIL,ANCHOAK,AK,,,,,
ANCHORAGE SUB-OFFICE HOLD ROOM,ANCHOLD,AK,,,TRUE,hold_room,
ARIZONA STATE PRISON COMP,AZSPFLO,,,,,,
AROOSTOOK COUNTY JAIL,AROOSME,ME,,,,,
ARROWHEAD REGIONAL MED CENTER,ARRMCCA,CA,,,,,
"ATHENS, TX HOLD ROOM",ATTHOLD,,,,TRUE,hold_room,
ATLANTA DIST. HOLD RM,ATLHOLD,GA,,,,,
ATLANTA PRETRIAL DETN CTR,ATLANGA,GA,,,,,
AURORA CITY JAIL,AURORCO,CO,,,,,
AUSTIN DRO HOLD ROOM,AUSHOLD,,,,TRUE,hold_room,
AZ REM OP COORD CENTER (AROCC),IWAHOLD,,,,,,
BAKER COUNTY SHERIFF DEPT.,BAKERFL,FL,,,,,
BAKERFIELD HOLD,BKLHOLD,,,,,,
BALDWIN COUNTY COR. CENTER,BALDWAL,AL,,,,,
BALTIMORE HOLD ROOM,BALHOLD,MD,,,TRUE,hold_room,
BARNSTABLE COUNTY,BARNSMA,MA,,,,,
BAYAMON HOSPITAL,BAYAMPR,PR,,,TRUE,hospital,
BEAVER COUNTY JAIL,BEAVRPA,PA,,,,,
BEDFORD CITY JAIL,BEDCITX,TX,,,,,
BELL COUNTY JAIL,BELCOTX,TX,,,,,
BELLINGHAM BPS ERO HOLDROOM,BLHHOLD,,,,TRUE,hold_room,
BELMONT COUNTY JAIL,BELMOOH,OH,,,,,
BERGEN COUNTY JAIL,BERGENJ,NJ,,,,,
BERKS COUNTY FAMILY SHELTER,BEFAMPA,PA,,,,,
"BERKS COUNTY JAIL, PA",BERKSPA,PA,,,,,
BERKS HOLD ROOM,BRKHOLD,,,,TRUE,hold_room,
BEST WEST ROSE GRDN I&S,BWRGMTX,TX,,,,,
BEST WESTERN DRAGON GATE INN,BWDGICA,CA,,,TRUE,hotel_motel,
BEST WESTERN MARINA,BWMARCA,CA,,,,,
"BETH ISRAEL HOSPITAL, MANHATTAN",ISHOSNY,NY,,,TRUE,hospital,
BIG SPRING HOLD ROOM,BSCHOLD,,,,TRUE,hold_room,
BILLINGS HOLD ROOM,BILHOLD,,,,TRUE,hold_room,
BIRMINGHAM HOLD ROOM,BHMHOLD,,,,TRUE,hold_room,
BISHOP HENRY WHIPPLE FED BLDG,SPMHOLD,,,,,,
BLUEBONNET DET FCLTY,BLBNATX,TX,,,,,
BOISE HOLD ROOM,BOIHOLD,,,,TRUE,hold_room,
BOONE COUNTY JAIL,BOONEKY,KY,,,,,
BOSSIER PARISH COR. CENTER,BOSSRLA,LA,,,,,
BOSTON HOLDROOM,BOSHOLD,MA,,,TRUE,hold_room,
"BREMER CO JAIL, IOWA",BREMEIA,IA,,,,,
BREVARD CORRECTIONAL,FLBREVC,,,,,,
BRISTOL CNTY NDARTMOUTH,BRINDMA,MA,,,,,
BROADVIEW SERVICE STAGING,BSAHOLD,IL,,,TRUE,staging_processing,
BROOME COUNTY JAIL,BROMMNY,NY,,,,,
BROWARD GENERAL MEDICAL CENTER,BRGMCFL,FL,,,,,
BROWARD TRANSITIONAL CENTER,WCCPBFL,FL,,,,,
BUFFALO HOLD ROOM,BUFHOLD,NY,,,TRUE,hold_room,
BUFFALO SPC,BTV,NY,,,,,
BURNET COUNTY JAIL,BURNETX,TX,,,,,
BUTLER COUNTY JAIL,BUTLEKS,KS,,,,,
BUTLER COUNTY JAIL,BUTLEOH,OH,,,,,
CABARRUS COUNTY JAIL,CBRRSNC,NC,,,,,
CACHE CO. JAIL,CACHEUT,UT,,,,,
CALDWELL COUNTY JAIL,CALDWMO,MO,,,,,
"CALHOUN CO., BATTLE CR,MI",CALHOMI,MI,,,,,
"CAMBRIA COUNTY JAIL, PA",CAMBRPA,PA,,,,,
CAMERON COUNTY JAIL,CAMERTX,TX,,,,,
CAROLINE DETENTION FACILITY,CARDFVA,VA,,,,,
CARVER COUNTY JAIL,CARJAMN,MN,,,,,
"CASCADE COUNTY JAIL, MT",CASCAMT,MT,,,,,
CASPER HOLDROOM,CSPHOLD,,,,TRUE,hold_room,
CASS COUNTY JAIL,CASSCNE,NE,,,,,
CATAHOULA CORRECTIONAL CENTER,CATAHLA,LA,,,,,
CCA NORTHEAST OH CORRECTS,CCANOOH,OH,,,,,
"CCA, FLORENCE CORRECTIONAL CENTER",CCAFLAZ,AZ,,,,,
CEDAR CREST HOSP TREAT,CCHRTTX,TX,,,,,
CEDAR RAPIDS HOLD ROOM,CRIHOLD,,,,TRUE,hold_room,
CENTRAL ISLIP HOLD ROOM,CIPHOLD,,,,TRUE,hold_room,
CENTRAL LOUISIANA ICE PROC CTR,JENADLA,LA,,,,,
CENTRAL VA REGIONAL JAIL,CVREGVA,VA,,,,,
CHAMPLAIN HOLD ROOM,CHMHOLD,,,,TRUE,hold_room,
CHARLESTON COUNTY CORRECT,CHARLSC,SC,,,,,
"CHARLESTON, SC HOLD ROOM",CHLHOLD,,,,TRUE,hold_room,
CHARLOTTE AMALIE HOLDROOM,CHAHOLD,,,,TRUE,hold_room,
CHARLOTTE HOLD ROOM,CLTHOLD,,,,TRUE,hold_room,
CHASE COUNTY JAIL,CHASEKS,KS,,,,,
CHASE STE HOTEL ELP,CSHEPTX,TX,,,TRUE,hotel_motel,
CHATTANOOGA HOLD ROOM,CNGHOLD,,,,TRUE,hold_room,
CHAUTAUQUA COUNTY JAIL,CHACONY,NY,,,,,
CHAVEZ DET CRT,CHAVENM,NM,,,,,
CHEYENNE HOLDROOM,CHYHOLD,,,,TRUE,hold_room,
CHICAGO HOLD ROOM,CHIHOLD,IL,,,TRUE,hold_room,
"CHIPPEWA CO., SSM",CHIPPMI,MI,,,,,
CHITTENDEN REG. COR. FACILITY,VTCHTDN,,,,,,
CHRISTIAN CO SHERIFF DEPT,CHRISMO,MO,,,,,
CIBOLA COUNTY CORRECTIONAL CENTER,CIBOCNM,NM,,,,,
CLAY COUNTY JUSTICE CENTER,CLAYCIN,IN,,,,,
CLEVELAND HOLD ROOM,CLEHOLD,,,,TRUE,hold_room,
CLINTON COUNTY CORR. FAC.,CLINTPA,PA,,,,,
CLINTON COUNTY JAIL,CLICONY,NY,,,,,
COASTAL BEND DET. FACILITY,CBENDTX,TX,,,,,
COBB CO SHERIFFS OFC ADULT DET CTR,COBBJGA,GA,,,,,
COLLIER COUNTY SHERIFF,COLLIFL,FL,,,,,
COLO SPRINGS DEN HSI HOLD,CSDHOLD,,,,,,
COLUMBIA CARE CENTER,COLCASC,SC,,,,,
"COLUMBIA, SC HOLDROOM",COAHOLD,,,,TRUE,hold_room,
COLUMBUS HOLDROOM,CLMHOLD,,,,TRUE,hold_room,
COMFORT SUITES HOTEL,COMFTFL,FL,,,TRUE,hotel_motel,
COUNTY INN & STE BY RAD,CISPVLA,LA,,,TRUE,hotel_motel,
COURTHOUSE USM CNTL ISLIP,CHMCINY,NY,,,TRUE,courthouse,
COWLITZ CO. JUV. DET.,COWJVWA,WA,,,,,
CRAIG HOLDROOM,CRGHOLD,,,,TRUE,hold_room,
CROWNE PLAZA PHOENIX AP,CPPAPAZ,AZ,,,,,
CUMBERLAND COUNTY JAIL,CUMBEME,ME,,,,,
D. RAY JAMES PRISON,GADRYJM,,,,,,
DAKOTA COUNTY JAIL,DAKOTNE,NE,,,,,
DALBY CORRECTIONAL INSTITUTE,BOPDAL,AL,,,,,
DALLAS COUNTY JAIL-LEW STERRETT,DALCOTX,TX,,,,,
DALLAS F.O. HOLD,DALHOLD,TX,,,,,
DEKALB COUNTY DETENTION CENTER,DEKALAL,AL,,,,,
DEKALB COUNTY JAIL,DEKABGA,GA,,,,,
DEL RIO DRO HOLD ROOM,DLRHOLD,,,,TRUE,hold_room,
DELANEY HALL DETENTION FACILITY,DHDFNJ,NJ,,,,,
DELAWARE CO JAIL,DELAWPA,PA,,,,,
DENVER CDF II,DENIICO,CO,,,,,
DENVER CONTRACT DET. FAC.,DENICDF,CO,,,,,
DENVER HEALTH MEDICAL CENTER,DNHMCCO,CO,,,,,
DENVER HOLD ROOM,DENHOLD,CO,,,TRUE,hold_room,
DEPT OF CORRECTIONS-HAGATNA,GUDOCHG,,,,,,
DES MOINES HOLD ROOM,DSMHOLD,,,,TRUE,hold_room,
DESERT VALLEY HOSPITAL,DSRTVCA,CA,,,TRUE,hospital,
DESERT VIEW ANNEX,CADESVI,VI,,,,,
"DODGE COUNTY JAIL, JUNEAU",DODGEWI,WI,,,,,
DONA ANA COUNTY DETENTION FACILITY,DONAANM,NM,,,,,
DOUGLAS CO. WISCONSIN,DOUGLWI,WI,,,,,
DOUGLAS COUNTY CORRECTION,DOCORNE,NE,,,,,
DOUGLAS COUNTY DETENTION CENTER,DOUGLCO,CO,,,,,
DOVER HOLDROOM,DVDHOLD,,,,TRUE,hold_room,
DRURY INN,DRURYCO,CO,,,TRUE,hotel_motel,
DRURY INN & STES SNA AP,DISSATX,TX,,,TRUE,hotel_motel,
DRURY INN STES PHO TEMPE,DISPTAZ,AZ,,,TRUE,hotel_motel,
DSMC - DEL SOL MEDICAL CENTER,DSMCNTX,TX,,,,,
DURANGO HOLDROOM,DURHOLD,,,,TRUE,hold_room,
EAST HIDALGO DETENTION CENTER,EHDLGTX,TX,,,,,
EASTERN REGIONAL JAIL,WVEASTR,,,,,,
ECONOLODGE MOTEL,ECOLOWA,WA,,,TRUE,hotel_motel,
EDEN DET CTR HOLD ROOM,EDNHOLD,,,,TRUE,hold_room,
EDEN DETENTION CTR,EDNDCTX,TX,,,,,
EL PASO BEHAVIORAL HEALTH SYSTEM,EPBHSTX,TX,,,TRUE,mental_health,
EL PASO LTAC HOSPITAL,EPLTATX,TX,,,TRUE,hospital,
EL PASO SPC,EPC,TX,,,,,
EL PASO SPC JUVENILE,EPCJUVI,VI,,,TRUE,juvenile_family,
EL VALLE DETENTION FACILITY,ELVDFTX,TX,,,,,
ELIZABETH CONTRACT D.F.,ELZICDF,NJ,,,,,
ELKHART COUNTY JAIL,ELKHAIN,IN,,,,,
ELMORE COUNTY JAIL,ELMORID,ID,,,,,
ELOY FED CTR FACILITY (CORE CIVIC),EAZ,AZ,,,,,
"ERIE COUNTY JAIL, PA",ERICOPA,PA,,,,,
ESSEX COUNTY JAIL,ESSEXNJ,NJ,,,,,
ETOWAH COUNTY JAIL (AL),ETOWAAL,AL,,,,,
EUGENE HOLDROOM,EUGHOLD,,,,TRUE,hold_room,
EULESS CITY JAIL,EULESTX,TX,,,,,
FACILITY 8 DETENTION FACILITY,FCLT8CA,CA,,,,,
FAYETTE COUNTY DETENTION CENTER,FAYETKY,KY,,,,,
FAYETTEVILLE HOLD ROOM,FAYHOLD,,,,TRUE,hold_room,
FINNEY COUNTY JAIL,FINNEKS,KS,,,,,
FLORENCE SPC,FLO,AZ,,,,,
FLORENCE STAGING FACILITY,FSF,AZ,,,TRUE,staging_processing,
FLOYD COUNTY JAIL,FLOYDGA,GA,,,,,
FOLKSTON ANNEX IPC,FIPCAGA,GA,,,,,
FOLKSTON MAIN IPC,FIPCMGA,GA,,,,,
FORT MYERS ERO HOLDROOM,FMYHOLD,,,,TRUE,hold_room,
FRANKLIN HOUSE OF CORRECTIONS,GREENMA,MA,,,,,
FREDERICK COUNTY DET. CEN,FREDEMD,MD,,,,,
FREDERICK HOLDROOM,FRDHOLD,,,,TRUE,hold_room,
"FREEBORN COUNTY JAIL, MN",FREEBMN,MN,,,,,
FRESNO HOLDROOM,FREHOLD,,,,TRUE,hold_room,
FT LAUDERDALE BEHAVOR HLTH CTR,FLBHCFL,FL,,,,,
GARVIN COUNTY JAIL,GARVIOK,OK,,,,,
GASTON COUNTY JAIL,GASTNNC,NC,,,,,
GEAUGA COUNTY JAIL (GEAUGOH),GEAUGOH,OH,,,,,
GLADES COUNTY DETENTION CENTER,GLADEFL,FL,,,,,
GLENDALE POLICE DEPT,GLEPDCA,CA,,,,,
GLENWOOD SPRINGS HOLDROOM,GSCHOLD,,,,TRUE,hold_room,
GOLDEN STATE ANNEX,GLDSACA,CA,,,,,
GOOSE CREEK CORRECTIONAL CENTER,AKGSCCC,,,,,,
GRAND FORKS COUNTY CORREC,GFCORND,ND,,,,,
GRAND FORKS HOLD ROOM,GRFHOLD,,,,TRUE,hold_room,
GRAND ISLAND HOLD ROOM,GRIHOLD,,,,TRUE,hold_room,
GRAND JUNCTION HOLDROOM,GJCHOLD,,,,TRUE,hold_room,
GRAND RAPIDS HOLDROOM,GRMHOLD,,,,TRUE,hold_room,
GRAYSON COUNTY DETENTION CENTER,GRAYSKY,KY,,,,,
GREAT PLAINS CI HOLDROOM,GPCHOLD,,,,TRUE,hold_room,
GREER HOLD ROOM,GRRHOLD,,,,TRUE,hold_room,
GUAYNABO MDC (SAN JUAN),BOPGUA,,,,,,
HAILE DET. CENTER,HAILEID,ID,,,,,
HALL COUNTY SHERIFF,HASHENE,NE,,,,,
HAMPTON INN & STES ELP AP,HISEPTX,TX,,,TRUE,hotel_motel,
HAMPTON INN & STES MCALLEN,HISMCTX,TX,,,TRUE,hotel_motel,
HAMPTON INN PHO AIRPORT N,HIPANAZ,AZ,,,TRUE,hotel_motel,
HANCOCK CO PUB SFTY CPLX,HCPSCMS,MS,,,,,
HARDIN CO JAIL,HARDJIA,IA,,,,,
HARLINGEN HOLD ROOM,HLGHOLD,TX,,,TRUE,hold_room,
HARLINGEN POLICE DEPT.,HRLGNTX,TX,,,,,
HARRIS COUNTY PSYCHIATRIC CENTER,HCPSYTX,TX,,,TRUE,mental_health,
HARRISONBURG HOLD ROOM,HBGHOLD,,,,TRUE,hold_room,
HARTFORD OFFICE,HARHOLD,,,,,,
HASKELL MEMORIAL HOSPITAL,HASMHTX,TX,,,TRUE,hospital,
HCA FLORIDA KENDALL HOSPITAL,CKHOSFL,FL,,,TRUE,hospital,
HEL DISTRICT CUSTODY,HELHOLD,,,,,,
HENDERSON COUNTY DET. FAC.,HENDENC,NC,,,,,
HENDERSON COUNTY JAIL,HENDETX,TX,,,,,
HENDERSON DETENTION,HENDENV,NV,,,,,
HENDERSONVILLE HOLD ROOM,HENHOLD,,,,TRUE,hold_room,
HENDRICK MEDICAL CENTER,HNDMCTX,TX,,,,,
HENDRY COUNTY JAIL,HENDRFL,FL,,,,,
HENDRY REGIONAL MEDICAL CENTER,HNRMCFL,FL,,,,,
HIDALGO COUNTY SHERIFF'S JAIL,HIDALTX,TX,,,,,
HOLIDAY INN & STE PHO AP,HISPAAZ,AZ,,,TRUE,hotel_motel,
HOLIDAY INN EXP PHOENIX,HIESPAZ,AZ,,,TRUE,hotel_motel,
HOLIDAY INN EXP SAN ANTONIO,HIESATX,TX,,,TRUE,hotel_motel,
HOLIDAY INN EXP SNA AP,HOLIETX,TX,,,TRUE,hotel_motel,
HOLIDAY INN PHO DWTN BALLPARK,HIPDBAZ,AZ,,,TRUE,hotel_motel,
HONOLULU FEDERAL DETENTION CENTER,BOPHON,HI,,,,,
HOTEL PHARR PLAZA,HTLPPTX,TX,,,TRUE,hotel_motel,
HOUSTON CONTRACT DET.FAC.,HOUICDF,TX,,,,,
HOUSTON FO HOLDROOM,HOUHOLD,TX,,,TRUE,hold_room,
HOWARD COUNTY DET CNTR,HOWARMD,MD,,,,,
HUDSON COUNTY JAIL,HUDSONJ,NJ,,,,,
IAH SECURE ADULT DET. FACILITY,POLKCTX,TX,,,,,
ICA - FARMVILLE,FRMVLVA,VA,,,,,
IDAHO FALLS HOLD ROOM,IFIHOLD,,,,TRUE,hold_room,
IMPERIAL COUNTY JAIL,IMPCOCA,CA,,,,,
IMPERIAL REGIONAL ADULT DET FAC,IRADFCA,CA,,,,,
INDIANAPOLIS HOLD ROOM,INPHOLD,,,,TRUE,hold_room,
IRWIN COUNTY DETENTION CENTER,IRWINGA,GA,,,,,
JACK HARWELL DETENTION CENTER,JHRWLTX,TX,,,,,
JACKSON CO JAIL,JACKSOR,OR,,,,,
JACKSON MEMORIAL HOSPITAL,JMHOSFL,FL,,,TRUE,hospital,
JACKSON MS HOLD ROOM,JAKHOLD,,,,TRUE,hold_room,
JACKSON PARISH CORRECTIONAL CENTER,JKPCCLA,LA,,,,,
JACKSONVILLE SUB-OFFICE,JAXHOLD,,,,TRUE,field_office,
JAMAICA HOSPITAL MED CTR,JHMCJNY,NY,,,TRUE,hospital,
JEFFERSON COUNTY JAIL,JEFFEID,ID,,,,,
JERSEY CITY MED CTR,JYCMCNJ,NJ,,,TRUE,hospital,
JFK INTERNATIONAL AP - T7,JFKTSNY,NY,,,,,
JOE CORLEY PROCESSING CTR,JCRLYTX,TX,,,TRUE,staging_processing,
JOHNSON COUNTY JAIL,JOHNSTX,TX,,,,,
KANDIYOHI CO. JAIL,KANDIMN,MN,,,,,
KANKAKEE COUNTY JAIL,KANKEIL,IL,,,,,
KANSAS CITY HOLDROOM,KANHOLD,,,,TRUE,hold_room,
KARNES CO IMMIGRATION PROCESS CTR,KRNRCTX,TX,,,,,
KARNES COUNTY CIVIL DET. FACILITY,KCCDCTX,TX,,,,,
KARNES CTY CORR CTR,KARNETX,TX,,,,,
KAY CO JUSTICE FACILITY,KCOJFOK,OK,,,,,
KENOSHA COUNTY JAIL,KENOSWI,WI,,,,,
KINNEY COUNTY JAIL,KINNETX,TX,,,,,
KITTITAS COUNTY JAIL,KITTIWA,WA,,,,,
KNOX COUNTY DETENTION FACILITY,KNXDFTN,TN,,,,,
KROME HOLD ROOM,KROHOLD,FL,,,TRUE,hold_room,
KROME NORTH SPC,KRO,FL,,,,,
KROME/MIAMI HUB,KRHUBFL,FL,,,,,
LA PALMA CORR CTR APSO,LPAPSAZ,AZ,,,,,
LA PALMA CORRECTIONAL CENTER,LPLCCAZ,AZ,,,,,
LA PAZ COUNTY ADULT DET. FAC.,LAPAZAZ,AZ,,,,,
LA PLATA COUNTY JAIL,LAPLACO,CO,,,,,
LA SALLE CO REGIONAL DET. CENTER,LSRDCTX,TX,,,,,
LAKESIDE MEDICAL CENTER,LAKMCFL,FL,,,,,
LAREDO DETENTION CENTER HOLD ROOM,LRDHOLD,TX,,,TRUE,hold_room,
LAREDO PROCESSING CENTER,LRDICDF,TX,,,TRUE,staging_processing,
LARKIN BEHAVIORAL HEALTH SVCS,LRKBHFL,FL,,,TRUE,mental_health,
LARKIN HOSPITAL,LRKNHFL,FL,,,TRUE,hospital,
LAS VEGAS HOLD ROOM,LVGHOLD,,,,TRUE,hold_room,
LASALLE CORR CTR OLLA,OLACCLA,LA,,,,,
LASALLE COUNTY JAIL,LASALTX,TX,,,,,
"LEMON CREEK, JUNEAU,AK",AKLEMON,,,,,,
LEXINGTON COUNTY JAIL,LEXINSC,SC,,,,,
LIMESTONE DET CENTER,LIMESTX,TX,,,,,
LINCOLN COUNTY JAIL,LINCONE,NE,,,,,
LINCOLN COUNTY SHERIFF'S,LINCOMO,MO,,,,,
LINN COUNTY JAIL,LINNJIA,IA,,,,,
LITTLE ROCK HOLD ROOM,LRAHOLD,,,,TRUE,hold_room,
LOMA LINDA UNIVERSITY MED CENTER,LLUMCCA,CA,,,,,
LOMPOC FCI,BOPLOF,,,,,,
LOMPOC USP,BOPLOM,,,,,,
LONOKE POLICE DEPT DET.CTR,LONPDAR,AR,,,,,
"LORTON, VA HOLD ROOM",LTVHOLD,,,,TRUE,hold_room,
LOS ANGELES COUNTY JAIL-TWIN TOWER,LOSCJCA,CA,,,,,
LOS ANGELES MET.DET.CTR.,BOPLOS,CA,,,,,
LOS CUST CASE,LOSHOLD,,,,,,
LOS FRESNOS HOLD ROOM,LSFHOLD,,,,TRUE,hold_room,
LOUISVILLE HOLD ROOM,LOUHOLD,,,,TRUE,hold_room,
LUBBOCK COUNTY JAIL,LUBBOTX,TX,,,,,
LUBBOCK HOLD ROOM,LBKHOLD,,,,TRUE,hold_room,
"MADISON CO. JAIL, MS.",MADISMS,MS,,,,,
MAIN FOLKSTON IPC DRJAMES,JAMESGA,GA,,,,,
MAINE YOUTH CENTER - LONG CREEK,MEYTHCT,CT,,,,,
MANCHESTER HOLDROOM,MANHOLD,,,,TRUE,hold_room,
MARICOPA COUNTY JAIL,MCFAJAZ,AZ,,,,,
MARICOPA MEDICAL CENTER,MCMEDAZ,AZ,,,,,
MARION COUNTY JAIL,MARIOIN,IN,,,,,
MARTIN COUNTY JAIL,MARTIFL,FL,,,,,
MAVERICK COUNTY JAIL,MAVERTX,TX,,,,,
MCALLEN HOLD ROOM,MCAHOLD,,,,TRUE,hold_room,
MCHENRY COUNTY SHERIFF'S,MCHENIL,IL,,,,,
MCLENNAN COUNTY JAIL,MCCLETX,TX,,,,,
MECKLENBURG (NC) CO JAIL,MECKLNC,NC,,,,,
MEDFORD SUB-OFFICE,MEDHOLD,,,,TRUE,field_office,
MEMORIAL REGIONAL HOSP.,MEMRHFL,FL,,,,,
MEMPHIS HOLD ROOM,MEMHOLD,,,,TRUE,hold_room,
MERCEDES POLICE DEPT.,MRCDSTX,TX,,,,,
MERCER COUNTY CORRECTIONS,MERCEIL,IL,,,,,
MERCY HOSPITAL,MERCYFL,FL,,,TRUE,hospital,
MESA VERDE ICE PROCESSING CENTER,CACFMES,CA,,,TRUE,staging_processing,
METRO DADE JAIL,METROFL,FL,,,,,
MIAMI (MIRAMAR) HOLD ROOM,MIAHOLD,FL,,,TRUE,hold_room,
MIAMI FED.DET.CENTER,BOPMIM,FL,,,,,
MIAMI STAGING FACILITY,MSF,FL,,,TRUE,staging_processing,
MIDLAND DETENTION CENTER,MIDLATX,TX,,,,,
"MIDLAND, TX ERO HOLDROOM",MLDHOLD,,,,TRUE,hold_room,
MILLER COUNTY JAIL,MILLRAR,AR,,,,,
MILWAUKEE HOLDROOM,MILHOLD,,,,TRUE,hold_room,
MINICASSIA DET. CENTER,MINICID,ID,,,,,
MINNEHAHA COUNTY JAIL,MINNESD,SD,,,,,
MISSOULA COUNTY,MISSOMT,MT,,,,,
MOFFAT COUNTY JAIL,MOFFECO,CO,,,,,
MONROE COUNTY DETENTION-DORM,MONROMI,MI,,,,,
MONROE COUNTY JAIL,MONROFL,FL,,,,,
MONROE COUNTY SHERIFF/JAIL-MAIN,MNROEMI,MI,,,,,
MONTGOMERY CITY JAIL,MNTGMAL,AL,,,,,
"MONTGOMERY CNTY JAIL, PA",MONTGPA,PA,,,,,
MONTGOMERY COUNTY JAIL,MONTGMO,MO,,,,,
MONTGOMERY COUNTY JAIL,MONTGTX,TX,,,,,
MONTGOMERY HOLD RM,MTGHOLD,,,,,,
MONTGOMERY PROCESSING CTR,MTGPCTX,TX,,,TRUE,staging_processing,
MORGAN COUNTY SHERIFF'S DEPT,MORGNMO,MO,,,,,
MORROW CO. CORRECTIONAL FACILITY,MOROWOH,OH,,,,,
MOUNT LAUREL HOLD ROOM,MLJHOLD,,,,TRUE,hold_room,
NATRONA COUNTY JAIL,NATROWY,WY,,,,,
NAVAJO COUNTY SHERIFF,NAVSOAZ,AZ,,,,,
NEVADA SOUTHERN DETENTION CENTER,NVSDCNV,NV,,,,,
NEW HANOVER CO DET CENTER,NWHNVNC,NC,,,,,
NEW ORLEANS HOLD ROOM,NOLHOLD,LA,,,TRUE,hold_room,
NEW RIVER VALLEY REG. JAIL,NRVRJVA,VA,,,,,
NEW/INS OS HOLD ROOM,NEWHOLD,,,,TRUE,hold_room,
NEWBURGH HOLDING,NBGHOLD,,,,,,
NIX HOME CARE,NIXHCTX,TX,,,,,
NOBLES CO. JAIL,NOBLEMN,MN,,,,,
NORFOLK CITY JAIL,NORFOVA,VA,,,,,
NORFOLK SUB-OFFICE HOLD,NORHOLD,,,,TRUE,field_office,
NORTH BROWARD MEDICAL CENTER,NBRMCFL,FL,,,,,
NORTH LAS VEGAS,NOLVGNV,NV,,,,,
NORTHERN OREGON CORR.FAC.,NORCOOR,OR,,,,,
NORTHERN OREGON JUV.DET.,NOJUVOR,OR,,,,,
NORTHERN REGIONAL JAIL,WVNORTH,,,,,,
NORTHWEST STATE CORRECTIONAL CTR.,VTSTALB,,,,,,
NW ICE PROCESSING CTR,CSCNWWA,WA,,,TRUE,staging_processing,
NW REGIONAL CORRECTIONS CENTER,NWRCCMN,MN,,,,,
NYC HOLD ROOM,NYCHOLD,,,,TRUE,hold_room,
NYE COUNTY SHERIFF-PAHRUMP,NYEPANV,NV,,,,,
OAKDALE FED.DET.CENTER,BOPOAD,LA,,,,,
OAKDALE HOLDING ROOM,OAKHOLD,LA,,,TRUE,hold_room,
OGDEN HOLD ROOM,OGUHOLD,,,,TRUE,hold_room,
OGLE COUNTY JAIL,OGLECIL,IL,,,,,
OKLAHOMA CITY HOLD ROOM.,OKCHOLD,,,,TRUE,hold_room,
OKMULGEE COUNTY JAIL,OKMULOK,OK,,,,,
OLDHAM COUNTY JAIL,OLDHAKY,KY,,,,,
OMAHA FO HOLD,OMAHOLD,,,,,,
ONEIDA COUNTY JAIL,ONECONY,NY,,,,,
ORANGE CO GLOBAL MEDICAL CENTER,OGCMCCA,CA,,,,,
ORANGE COUNT INTAKE RELEASE FAC.,OCIRCCA,CA,,,,,
ORANGE COUNTY JAIL,ORANGFL,FL,,,,,
ORANGE COUNTY JAIL,ORANGNY,NY,,,,,
ORLANDO HOLD ROOM,ORLHOLD,,,,TRUE,hold_room,
OTAY MESA DETENTION CENTER,CCASDCA,CA,,,,,
OTERO CO PROCESSING CENTER,OTRPCNM,NM,,,TRUE,staging_processing,
OTERO COUNTY DETENTION,OTERONM,NM,,,,,
OTERO COUNTY PRISON FACILITY,OTROPNM,NM,,,,,
PALM BEACH COUNTY JAIL,PALMBFL,FL,,,,,
PALMS BEHAVIORAL HEALTH,PLMBHTX,TX,,,TRUE,mental_health,
PALMS WEST HOSPITAL,PWHOSFL,FL,,,TRUE,hospital,
PDN HOLD ROOM,PDNHOLD,,,,TRUE,hold_room,
PEAR TREE INN SNA AIRPORT,PTISATX,TX,,,TRUE,hotel_motel,
PECOS HOLD ROOM,PCSHOLD,,,,TRUE,hold_room,
PENNINGTON COUNTY JAIL SD,PENNISD,SD,,,,,
PERRYVILLE STATE PRISON,AZSPPER,,,,,,
PHELPS COUNTY JAIL,PHELPNE,NE,,,,,
PHI DISTRICT OFFICE,PHIHOLD,,,,,,
PHOENIX DIST OFFICE,PHOHOLD,AZ,,,,,
PHOENIX FED.CORR.INST.,BOPPHX,AZ,,,,,
PICKENS COUNTY DET CTR,PCKNSAL,AL,,,,,
PIKE COUNTY ERO HOLD ROOM,PKEHOLD,,,,TRUE,hold_room,
PIKE COUNTY JAIL,PIKCOPA,PA,,,,,
PIMA COUNTY JAIL,PIMAJAZ,AZ,,,,,
PINAL COUNTY JAIL,PINALAZ,AZ,,,,,
PINE PRAIRIE ICE PROCESSING CENTER,PINEPLA,LA,,,TRUE,staging_processing,
PINELLAS COUNTY JAIL,PINELFL,FL,,,,,
PITTSBURGH HOLDROOM,PITHOLD,,,,TRUE,hold_room,
PLATTE COUNTY JAIL,PLATTMO,MO,,,,,
PLATTE COUNTY JAIL,PLATTWY,WY,,,,,
PLYMOUTH CO COR FACILTY,PLYMOMA,MA,,,,,
POLK COUNTY JAIL,POLKJIA,IA,,,,,
PORT ISABEL SPC,PIC,TX,,,,,
PORTLAND DISTRICT OFFICE,POOHOLD,OR,,,,,
"PORTLAND, ME HOLDROOM",POMHOLD,OR,,,TRUE,hold_room,
POTTAWATTAMIE COUNTY JAIL,POTTAIA,IA,,,,,
PRAIRIELAND DETENTION CENTER,PRLDCTX,TX,,,,,
PRAIRIELAND SUBOFFICE HOLD ROOM,PRLHOLD,,,,TRUE,hold_room,
PRINCE WILLIAM,PWILLVA,VA,,,,,
PROHOLD,PROHOLD,,,,,,
PROVO HOLD ROOM,PRUHOLD,,,,TRUE,hold_room,
PUEBLO HOLDROOM,PUEHOLD,,,,TRUE,hold_room,
PULASKI COUNTY JAIL,PULASIL,IL,,,,,
QUALITY SUITES,QLTYSCA,CA,,,TRUE,hotel_motel,
RADISSON HTL ELP AIRPORT,RDHEATX,TX,,,TRUE,airport,
RALEIGH HOLD ROOM,RDUHOLD,,,,TRUE,hold_room,
RANDALL COUNTY JAIL,RNDLLTX,TX,,,,,
RAPID CITY HOLD ROOM,RPCHOLD,,,,TRUE,hold_room,
RAPP SEC CENTER,RAPPSVA,VA,,,,,
REDDING HOLD ROOM,REDHOLD,,,,TRUE,hold_room,
REEVES CO. JUV. DET. CTR.,REJUVTX,TX,,,,,
RENO HOLD ROOM,RENHOLD,,,,TRUE,hold_room,
RENSSELAER CO SHERIFF,RENSSNY,NY,,,,,
RICHMOND SUB-OFFICE HOLD,RCMHOLD,,,,TRUE,field_office,
RICHWOOD COR CENTER,RWCCMLA,LA,,,,,
RIO GRANDE COUNTY JAIL,RIOGRCO,CO,,,,,
RIO GRANDE DETENTION CENTER,RGRNDTX,TX,,,,,
RIO GRANDE VALLEY STAGING,RGS,,,,TRUE,staging_processing,
RIO VISTA BEHV HLTH HSP,RVBHHTX,TX,,,,,
RIVER CORRECTIONAL CENTER,RVRCCLA,LA,,,,,
ROANOKE SUB-OFFICE HOLD ROOM,RMKHOLD,,,,TRUE,hold_room,
ROBERT A DEYTON DETENTION FAC,RADDFGA,GA,,,,,
ROCK ISLAND COUNTY JAIL,ROCKIIL,IL,,,,,
ROCK ISLAND HOLD ROOM,RIIHOLD,,,,TRUE,hold_room,
ROCKINGHAM CO. JAIL,ROCKIVA,VA,,,,,
ROLLING PLAINS DETENTION CENTER,HASKLTX,TX,,,,,
ROSWELL HOLD ROOM,RSWHOLD,,,,TRUE,hold_room,
SACRAMENTO HOLD,SACHOLD,,,,,,
SAINT ALBANS HOLD ROOM,STAHOLD,,,,TRUE,hold_room,
SAIPAIN HOLD,SAIHOLD,,,,,,
SAIPAN DEPARTMENT OF CORRECTIONS,MPSIPAN,,,,,,
SALEM COUNTY CORRECTIONAL FACILITY,SALEMNJ,NJ,,,,,
SALINE COUNTY JAIL,SALINNE,NE,,,,,
SALISBURY HOLD ROOM,SALHOLD,,,,TRUE,hold_room,
SALT LAKE CITY HOLD ROOM,SLCHOLD,,,,TRUE,hold_room,
SALT LAKE COUNTY JAIL,SLSLCUT,UT,,,,,
SAN ANGELO HOLDROOM,SAGHOLD,,,,TRUE,hold_room,
SAN ANTONIO DRO HOLD ROOM,SNAHOLD,TX,,,TRUE,hold_room,
SAN BERNARDINO CO. JAIL,SBERNCA,CA,,,,,
SAN BERNARDINO HOLD ROOM,SBDHOLD,,,,TRUE,hold_room,
SAN JUAN AIRPORT HOLD ROOM,SJUHOLD,,,,TRUE,hold_room,
SAN JUAN STAGING,SJS,,,,TRUE,staging_processing,
SAN JUAN SUB-OFFICE HOLD ROOM,SAJHOLD,,,,TRUE,hold_room,
SAN LUIS REGIONAL DET CENTER,SLRDCAZ,AZ,,,,,
SANGAMON COUNTY JAIL,SANJAIL,IL,,,,,
SANTA ANA CITY JAIL,SACITCA,CA,,,,,
SANTA ANA DRO HOLDROOM,SAAHOLD,,,,TRUE,hold_room,
SANTA BARBARA COUNTY JAIL,SBARBCA,CA,,,,,
SAULT SAINTE MARIE HOLDROOM,SSMHOLD,,,,TRUE,hold_room,
SCOTTS BLUFF CO JAIL,SCOTTNE,NE,,,,,
SEATAC FED.DET.CENTER,BOPSET,,,,,,
SEATTLE FIELD OFFICE HOLD ROOM,SEAHOLD,WA,,,TRUE,hold_room,
SEBASTIAN COUNTY DET CNT,SEBASAR,AR,,,,,
SENECA COUNTY JAIL,SENECOH,OH,,,,,
SFR HOLD ROOM,SFRHOLD,,,,TRUE,hold_room,
SHERBURNE COUNTY JAIL,SHERBMN,MN,,,,,
SHREVEPORT HOLD ROOM,VVSHOLD,,,,TRUE,hold_room,
SIOUX CITY HOLD ROOM,SXCHOLD,,,,TRUE,hold_room,
SIOUX FALLS HOLD ROOM,SFDHOLD,,,,TRUE,hold_room,
SND DISTRICT STAGING,SNDHOLD,,,,TRUE,staging_processing,
SNJ HOLD ROOM,SNJHOLD,,,,TRUE,hold_room,
SOUTH BAY DETENT FACILITY,SOBAYCA,CA,,,,,
SOUTH CENTRAL REGIONAL JAIL,WVSCENT,,,,,,
SOUTH LOUISIANA ICE PROC CTR,BASILLA,LA,,,,,
SOUTH TEXAS FAM RESIDENTIAL CENTER,STFRCTX,TX,,,,,
SOUTH TEXAS ICE PROCESSING CENTER,STCDFTX,TX,,,TRUE,staging_processing,
SOUTH TEXAS/PEARSALL HOLD ROOM,STDHOLD,TX,,,TRUE,hold_room,
SPRINGFIELD DRO HOLD,SPGHOLD,,,,,,
SPRINGFIELD FED.MED.CNTR,BOPSPG,,,,,,
ST MARY MEDICAL CENTER,STMARCA,CA,,,,,
ST TAMMANY PARISH JAIL,STTAMLA,LA,,,,,
ST. CLAIR COUNTY JAIL,STCLAMI,MI,,,,,
"ST. GEORGE, UT HOLDROOM",SGUHOLD,,,,TRUE,hold_room,
ST. JOSEPH'S HOSPITAL,STJOSCA,CA,,,TRUE,hospital,
ST. LOUIS HOLDROOM,STLHOLD,,,,TRUE,hold_room,
STAYBRIDGE STE PHO  B A,SSPBAAZ,AZ,,,,,
STEWART DETENTION CENTER,STWRTGA,GA,,,,,
STOCKTON STAGING FACILITY,STK,,,,TRUE,staging_processing,
STORY COUNTY JAIL,STORYIA,IA,,,,,
STRAFFORD CO DEPT OF CORR,STRAFNH,NH,,,,,
STUART HOLD ROOM,STUHOLD,,,,TRUE,hold_room,
SUFFOLK HOC SBAY,SUFFOMA,MA,,,,,
SURESTAY HOTEL BEST WEST,SSHBWTX,TX,,,TRUE,hotel_motel,
SWEETWATER COUNTY JAIL,SWEETWY,WY,,,,,
T DON HUTTO DETENTION CENTER,CCAHUTX,TX,,,,,
TALLAHASSEE HOLD ROOM,TALHOLD,,,,TRUE,hold_room,
TALLAHATCHIE CO CORR FACILITY,TALLAMS,MS,,,,,
TAMPA HOLD ROOM,TAMHOLD,,,,TRUE,hold_room,
TAYLOR COUNTY ADULT DET.,TAYLOTX,TX,,,,,
TELLER COUNTY JAIL,TELLECO,CO,,,,,
TETON COUNTY DETENTION CENTER,TETONWY,WY,,,,,
TEX HEALTH HUGULEY HOSP,THHHBTX,TX,,,,,
TEXARKANA HOLDROOM,TXAHOLD,,,,TRUE,hold_room,
THOP SIERRA CAMPUS ELP,THPSCTX,TX,,,,,
THREE RIVERS FCI,BOPTRV,,,,,,
TITUS COUNTY JAIL,TITUSTX,TX,,,,,
TOM GREEN CTY JAIL,TGREETX,TX,,,,,
TOOELE COUNTY JAIL,TOOELUT,UT,,,,,
TOOLE COUNTY JAIL,TOOLEMT,MT,,,,,
"TORRANCE/ESTANCIA, NM",TOORANM,NM,,,,,
TRAVELER'S INN - PHOENIX,TRVLIAZ,AZ,,,TRUE,hotel_motel,
TUCSON FED.CORR.INST.,BOPTCN,AZ,,,,,
TUCSON INS HOLD ROOM,TUCHOLD,AZ,,,TRUE,hold_room,
TULSA COUNTY JAIL,TULCOOK,OK,,,,,
TULSA HOLD ROOM,TULHOLD,,,,TRUE,hold_room,
TWIN FALLS COUNTY JAIL,TFALLID,ID,,,,,
TWIN FALLS HOLD ROOM,TFIHOLD,,,,TRUE,hold_room,
TX HEALTH METH HOSP HEB,THHEBTX,TX,,,,,
"U.S. IMMIGRATION, DETROIT",DETHOLD,MI,,,,,
UNION COUNTY JAIL,UNIONSD,SD,,,,,
UNIVERSITY MED CENTER OF EL PASO,UMCEPTX,TX,,,,,
UNIVERSITY OF MIAMI HOSPITAL,UMIAHFL,FL,,,TRUE,hospital,
UVALDE COUNTY JAIL,UVALDTX,TX,,,,,
VAL VERDE DETENTION CENTER,VALVETX,TX,,,,,
VALLEY BAPTIST HOSPITAL,VBHOSTX,TX,,,TRUE,hospital,
VARICK STREET SPC,VRK,,,,,,
VENTURA COUNTY JAIL,VENTUCA,CA,,,,,
VENTURA CUSTODY CASE,VENHOLD,,,,,,
VICTOR VALLEY GLOBAL MED CENTER,VVGMCCA,CA,,,,,
VIRGINIA PENINSULA REG. JAIL,VPREGVA,VA,,,,,
WACO DRO HOLD ROOM,WCTHOLD,,,,TRUE,hold_room,
WAKULLA COUNTY JAIL,WAKULFL,FL,,,,,
WARD COUNTY JAIL,WARDCND,ND,,,,,
WASHINGTON COUNTY JAIL,WAJAIMN,MN,,,,,
WASHINGTON COUNTY JAIL,WASHCUT,UT,,,,,
WASHINGTON COUNTY JAIL,WASHIAR,AR,,,,,
WASHINGTON FIELD OFFICE,WASHOLD,,,,TRUE,field_office,
WASHOE COUNTY JAIL,WASHONV,NV,,,,,
WAUKESHA COUNTY JAIL,WAUKEWI,WI,,,,,
WEBB COUNTY DETENTION CENTER (CCA),WEBDCTX,TX,,,,,
WEST KENDALL BAPTIST HOSP,WKBHMFL,FL,,,,,
WEST TEXAS DETENTION FACILITY,WTXDFTX,TX,,,,,
WESTERN TENNESSEE DET. FAC.,TNWESDF,,,,,,
WESTMINSTER CUSTODY,WESHOLD,,,,,,
WHITE MEMORIAL HOSPITAL,WMHOSCA,CA,,,TRUE,hospital,
WHITFIELD COUNTY JAIL,WHITFGA,GA,,,,,
WICHITA HOLDROOM,WICHOLD,,,,TRUE,hold_room,
WILLACY CO  REGIONAL DETN FACIL,WCRDFTX,TX,,,,,
WINN CORRECTIONAL CENTER,LAWINCI,LA,,,,,
WORCESTER CO. JAIL,WORCEMD,MD,,,,,
WYATT DETENTION CENTER,WYATTRI,RI,,,,,
YAKIMA SUB-OFFICE,YAKHOLD,,,,TRUE,field_office,
YANKTON CO. JAIL SD,YANCOSD,SD,,,,,
YELLOWSTONE COUNTY JAIL,YELLOMT,MT,,,,,
YORK COUNTY DETENTION CENTER,YORCOSC,SC,,,,,
YORK COUNTY JAIL,YORKCME,ME,,,,,
"YORK COUNTY JAIL, PA",YORCOPA,PA,,,,,
YORK HOLD ROOM,YRKHOLD,PA,,,TRUE,hold_room,
YUBA COUNTY JAIL,YUBAJCA,CA,,,,,
YUMA HOLDROOM,YUMHOLD,,,,TRUE,hold_room,
