responsible_site,state_abbr,county_fips,county_name,unusual_flag,unusual_type,notes
"ADELANTO, CA SUB-OFFICE ERO",CA,,,TRUE,field_office,
"AGANA, GUAM, DOCKET CONTROL OFFICE",,,,,,
"ALBANY, NY, POE",NY,,,,,
"ANCHORAGE, AK, DOCKET CONTROL OFFICE",AK,,,,,
ARANSAS COUNTY SHERIFF'S OFFICE,,,,,,
ARIZONA DEPARTMENT OF CORRECTIONS,,,,,,
"ASF - ERO - ALEXANDRIA, LA SUB-OFFICE",LA,,,TRUE,field_office,
"ATLANTA, GA, DISTRICT OFFICE",GA,,,,,
"ATLANTA, GA, DOCKET CONTROL OFFICE",GA,,,,,
"AUSTIN, TX, POE",TX,,,,,
BAKERSFIELD CA IHP,,,,,,
"BALTIMORE, MD, DISTRICT OFFICE",MD,,,,,
"BALTIMORE, MD, DOCKET CONTROL OFFICE",MD,,,,,
BATAVIA CMD CTR NY DCO,,,,,,
"BATON ROUGE, LA, POE",LA,,,,,
BENTON COUNTY SHERIFF'S OFFICE,,,,,,
BLUEBONNET DETENTION CENTER,,,,,,
"BOSTON, MA, DISTRICT OFFICE",MA,,,,,
"BOSTON, MA, DOCKET CONTROL OFFICE",MA,,,,,
"BOWLING GREEN, KY QUICK RESPONSE TEAM",KY,,,,,
"BUFFALO, NY, DOCKET CONTROL OFFICE",NY,,,,,
"BUFFALO, NY, POE",NY,,,,,
BUTLER COUNTY SHERIFF'S OFFICE,,,,,,
CABARRUS COUNTY SHERIFF'S OFFICE,,,,,,
CANADIAN COUNTY SHERIFF'S OFFICE,,,,,,
CECIL COUNTY SHERIFF'S OFFICE,,,,,,
CHAMBERS COUNTY SHERIFF'S OFFICE,,,,,,
"CHARLOTTE, NC, POE",NC,,,,,
"CHICAGO, IL, DISTRICT OFFICE",IL,,,,,
"CHICAGO, IL, DOCKET CONTROL OFFICE",IL,,,,,
CIBOLA COUNTY CORRECTIONAL CENTER,,,,,,
CITY OF MESA POLICE DEPARTMENT,,,,,,
CLAY COUNTY SHERIFF'S OFFICE,,,,,,
"CLEVELAND, OH, DISTRICT OFFICE",OH,,,,,
"CLEVELAND, OH, DOCKET CONTROL OFFICE",OH,,,,,
"CLEVELAND, OH, POE",OH,,,,,
COLLIER COUNTY SHERIFF'S OFFICE,,,,,,
"COLUMBUS, OH, POE",OH,,,,,
"DALLAS EAST, MCAT",,,,,,
"DALLAS, TX, DISTRICT OFFICE",TX,,,,,
"DALLAS, TX, DOCKET CONTROL OFFICE",TX,,,,,
"DALLAS, TX, POE",TX,,,,,
"DANIA BEACH, FL, BORDER PATROL STATION",FL,,,TRUE,border_station,
"DEL RIO, TX, BORDER PATROL SECTOR HEADQUARTERS",TX,,,TRUE,border_station,
"DENVER, CO, DISTRICT OFFICE",CO,,,,,
"DENVER, CO, DOCKET CONTROL OFFICE",CO,,,,,
"DENVER, CO, POE",CO,,,,,
DESERT VIEW ANNEX,,,,,,
"DETROIT, MI, DISTRICT OFFICE",MI,,,,,
"DETROIT, MI, DOCKET CONTROL OFFICE",MI,,,,,
DILLEY IMMIGRATION PROCESSING CENTER,,,,TRUE,staging_processing,
"DULLES INTERNATIONAL AIRPORT, WASHINGTON DC, POE",,,,TRUE,airport,
EAST BATON ROUGE PARISH SHERIFF'S OFFICE,,,,,,
EDEN DETENTION CENTER,,,,,,
"EL CENTRO, CA, DOCKET CONTROL OFFICE",CA,,,,,
EL PASO PROCESSING CENTER,,,,TRUE,staging_processing,
"EL PASO, TX, DISTRICT OFFICE",TX,,,,,
"EL PASO, TX, DOCKET CONTROL OFFICE",TX,,,,,
"ELOY, AZ, SERVICE PROCESSING CENTER (DOCKET CONTROL OFFICE)",AZ,,,TRUE,staging_processing,
"ERO - AGUADILLA, PR SPC SUB OFFICE",PR,,,TRUE,field_office,
"ERO - ALAMOSA, CO SUB-OFFICE",CO,,,TRUE,field_office,
"ERO - ALBANY, NY SUB-OFFICE",NY,,,TRUE,field_office,
"ERO - ALBUQUERQUE, NM SUB-OFFICE",NM,,,TRUE,field_office,
"ERO - ALEXANDRIA, LA SUB-OFFICE",LA,,,TRUE,field_office,
"ERO - AMARILLO, TX SUB-OFFICE",TX,,,TRUE,field_office,
"ERO - AUSTIN, TX SUB OFFICE",TX,,,TRUE,field_office,
"ERO - BAKERSFIELD, CA IHP SUB OFFICE",CA,,,TRUE,field_office,
"ERO - BATAVIA, NY SPC SUB-OFFICE",NY,,,TRUE,field_office,
"ERO - BATON ROUGE, LA SUB OFFICE",LA,,,TRUE,field_office,
"ERO - BIG SPRINGS, TX IRP SUB-OFFICE",TX,,,TRUE,field_office,
"ERO - BILLINGS, MT SUB OFFICE",MT,,,TRUE,field_office,
"ERO - BIRMINGHAM, AL SUB OFFICE",AL,,,TRUE,field_office,
"ERO - BOISE, ID SUB OFFICE",ID,,,TRUE,field_office,
"ERO - BOWLING GREEN, KY SUB-OFFICE",KY,,,TRUE,field_office,
"ERO - BRADENTON, FL SUB OFFICE",FL,,,TRUE,field_office,
"ERO - CASPAR, WY SUB-OFFICE",WY,,,TRUE,field_office,
"ERO - CDF DENVER, CO SUB-OFFICE",CO,,,TRUE,field_office,
"ERO - CEDAR RAPIDS, IA SUB OFFICE",IA,,,TRUE,field_office,
"ERO - CENTRAL ISLIP, NY SUB OFFICE",NY,,,TRUE,field_office,
"ERO - CHAMPLAIN, NY SUB-OFFICE",NY,,,TRUE,field_office,
"ERO - CHARLESTON, SC SUB-OFFICE",SC,,,TRUE,field_office,
"ERO - CHARLESTON, WV SUB OFFICE",WV,,,TRUE,field_office,
"ERO - CHARLOTTE, NC SUB-OFFICE",NC,,,TRUE,field_office,
"ERO - CHATANOOGA, TN SUB OFFICE",TN,,,TRUE,field_office,
"ERO - CHEYENNE, WY SUB-OFFICE",WY,,,TRUE,field_office,
"ERO - CINCINNATI, OH SUB-OFFICE",OH,,,TRUE,field_office,
"ERO - COLUMBIA, SC SUB OFFICE",SC,,,TRUE,field_office,
"ERO - COLUMBUS, OH SUB-OFFICE",OH,,,TRUE,field_office,
"ERO - CONROE, TX CDF SUB-OFFICE",TX,,,TRUE,field_office,
"ERO - CORPUS CHRISTI, TX SUB-OFFICE",TX,,,TRUE,field_office,
"ERO - CRAIG, CO SUB-OFFICE",CO,,,TRUE,field_office,
"ERO - DALTON, GA SUB-OFFICE",GA,,,TRUE,field_office,
"ERO - DEL RIO, TX SUB OFFICE",TX,,,TRUE,field_office,
"ERO - DES MOINES, IA SUB OFFICE",IA,,,TRUE,field_office,
"ERO - DOVER, DE SUB OFFICE",DE,,,TRUE,field_office,
"ERO - DURANGO, CO SUB-OFFICE",CO,,,TRUE,field_office,
"ERO - EDINBURG, TX, SUB-OFFICE",TX,,,TRUE,field_office,
"ERO - EL PASO, TX SPC SUB-OFFICE",TX,,,TRUE,field_office,
"ERO - ETOWAH, AL SUB OFFICE",AL,,,TRUE,field_office,
"ERO - EUGENE, OR SUB OFFICE",OR,,,TRUE,field_office,
"ERO - FAYETTEVILLE, AR SUB OFFICE",AR,,,TRUE,field_office,
ERO - FLOYD COUNTY SHERIFF'S OFFICE,,,,,,
"ERO - FORT MYERS, FL SUB OFFICE",FL,,,TRUE,field_office,
"ERO - FORT SMITH, AR SUB OFFICE",AR,,,TRUE,field_office,
"ERO - FREDERICK, CO, SUB OFFICE",CO,,,TRUE,field_office,
"ERO - FRESNO, CA SUB OFFICE",CA,,,TRUE,field_office,
ERO - FUGITIVE OPERATIONS SUPPORT CENTER,,,,,,
"ERO - GAINESVILLE, GA SUB OFFICE",GA,,,TRUE,field_office,
"ERO - GLENWOOD SPRINGS, CO SUB-OFFICE",CO,,,TRUE,field_office,
"ERO - GRAND FORKS, ND SUB OFFICE",ND,,,TRUE,field_office,
"ERO - GRAND ISLAND, NE SUB OFFICE",NE,,,TRUE,field_office,
"ERO - GRAND JUNCTION, CO SUB-OFFICE",CO,,,TRUE,field_office,
"ERO - GRAND RAPIDS, MI SUB-OFFICE",MI,,,TRUE,field_office,
"ERO - GREENSBORO, NC SUB OFFICE",NC,,,TRUE,field_office,
"ERO - GREER, SC SUB-OFFICE",SC,,,TRUE,field_office,
"ERO - GULFPORT, LA SUB OFFICE",LA,,,TRUE,field_office,
"ERO - HARRISONBURG, VA SUB OFFICE",VA,,,TRUE,field_office,
"ERO - HELENA,MT SUB OFFICE",MT,,,TRUE,field_office,
"ERO - HENDERSON, NC SUB OFFICE",NC,,,TRUE,field_office,
"ERO - HOUSTON, TX CDF SUB-OFFICE",TX,,,TRUE,field_office,
"ERO - HUNTSVILLE, TX IRP SUB-OFFICE",TX,,,TRUE,field_office,
"ERO - HUTTO, TX SUB OFFICE",TX,,,TRUE,field_office,
"ERO - IDAHO FALLS, IDAHO SUB OFFICE",,,,TRUE,field_office,
"ERO - IMPERIAL, CA SUB OFFICE",CA,,,TRUE,field_office,
"ERO - INDIANAPOLIS, IN SUB-OFFICE",IN,,,TRUE,field_office,
"ERO - JACKSON, MS SUB OFFICE",MS,,,TRUE,field_office,
"ERO - JACKSONVILLE, FL SUB OFFICE",FL,,,TRUE,field_office,
"ERO - JENA, LA SUB OFFICE",LA,,,TRUE,field_office,
"ERO - KARNES CITY, TX SUB-OFFICE",TX,,,TRUE,field_office,
"ERO - KNOXVILLE, TN SUB OFFICE",TN,,,TRUE,field_office,
"ERO - LAFAYETTE, LA SUB-OFFICE",LA,,,TRUE,field_office,
"ERO - LAREDO, TX DETENTION CENTER",TX,,,,,
"ERO - LITTLE ROCK, AR SUB-OFFICE",AR,,,TRUE,field_office,
"ERO - LIVINGSTON, TX SUB-OFFICE",TX,,,TRUE,field_office,
"ERO - LOMPOC, CA IHP SUB-OFFICE",CA,,,TRUE,field_office,
"ERO - LOUISVILLE, KY SUB-OFFICE",KY,,,TRUE,field_office,
"ERO - LUBBOCK, TX SUB-OFFICE",TX,,,TRUE,field_office,
"ERO - MANCHESTER, NH SUB-OFFICE",NH,,,TRUE,field_office,
"ERO - MEDFORD, OR SUB OFFICE",OR,,,TRUE,field_office,
"ERO - MEMPHIS, TN SUB OFFICE",TN,,,TRUE,field_office,
"ERO - MILWAUKEE, WI SUB-OFFICE",WI,,,TRUE,field_office,
"ERO - MOBILE, AL SUB OFFICE",AL,,,TRUE,field_office,
"ERO - MONTGOMERY COUNTY, TX SUB OFFICE",TX,,,TRUE,field_office,
"ERO - MONTGOMERY, AL SUB OFFICE",AL,,,TRUE,field_office,
"ERO - NASHVILLE, TN SUB OFFICE",TN,,,TRUE,field_office,
"ERO - NORFOLK,VA SUB OFFICE",VA,,,TRUE,field_office,
"ERO - NORTH PLATTE, NE SUB OFFICE",NE,,,TRUE,field_office,
"ERO - OAKDALE, LA SUB-OFFICE",LA,,,TRUE,field_office,
"ERO - OGDEN, UT SUB OFFICE",UT,,,TRUE,field_office,
"ERO - OKLAHOMA CITY, OK SUB-OFFICE",OK,,,TRUE,field_office,
"ERO - OTAY CCA FACILITY, CA SUB OFFICE",CA,,,TRUE,field_office,
ERO - OTERO COUNTY PROCESSING CENTER,,,,TRUE,staging_processing,
ERO - PACIFIC ENFORCEMENT RESPONSE CENTER,,,,,,
"ERO - PECOS, TX IHP SUB-OFFICE",TX,,,TRUE,field_office,
"ERO - PIKE COUNTY, PA SUB OFFICE",PA,,,TRUE,field_office,
"ERO - PINE PRAIRIE, LA SUB-OFFICE",LA,,,TRUE,field_office,
"ERO - PROVO, UT SUB OFFICE",UT,,,TRUE,field_office,
"ERO - PUEBLO, CO SUB-OFFICE",CO,,,TRUE,field_office,
"ERO - RALEIGH/DURHAM, NC SUB-OFFICE",NC,,,TRUE,field_office,
"ERO - RAPID CITY, SD SUB OFFICE",SD,,,TRUE,field_office,
"ERO - RICHLAND, WA SUB OFFICE",WA,,,TRUE,field_office,
"ERO - RICHMOND, VA SUB OFFICE",VA,,,TRUE,field_office,
"ERO - RIKERS ISLAND, NY SUB-OFFICE",NY,,,TRUE,field_office,
"ERO - ROANOKE, VA SUB OFFICE",VA,,,TRUE,field_office,
"ERO - ROCK ISLAND, IL SUB-OFFICE",IL,,,TRUE,field_office,
"ERO - SACRAMENTO, CA SUB OFFICE",CA,,,TRUE,field_office,
"ERO - SAIPAN, MP SUB OFFICE",MP,,,TRUE,field_office,
"ERO - SALISBURY, MD SUB OFFICE",MD,,,TRUE,field_office,
"ERO - SAN ANGELO, TX SUB-OFFICE",TX,,,TRUE,field_office,
"ERO - SAN ANTONIO, TX FIELD OFFICE",TX,,,TRUE,field_office,
"ERO - SAN BERNARDINO, CA SUB OFFICE",CA,,,TRUE,field_office,
"ERO - SAN JOSE,CA SUB OFFICE",CA,,,TRUE,field_office,
"ERO - SANTA ANA, CA SUB-OFFICE",CA,,,TRUE,field_office,
"ERO - SANTA MARIA, CA SUB-OFFICE",CA,,,TRUE,field_office,
"ERO - SAVANNAH, GA SUB-OFFICE",GA,,,TRUE,field_office,
"ERO - SHREVEPORT, LA SUB-OFFICE",LA,,,TRUE,field_office,
"ERO - SIOUX CITY, IA SUB OFFICE",IA,,,TRUE,field_office,
"ERO - SIOUX FALLS,SD SUB OFFICE",SD,,,TRUE,field_office,
"ERO - SOUTH TEXAS, TX DETENTION FACILITY",TX,,,,,
"ERO - SPOKANE,WA SUB OFFICE",WA,,,TRUE,field_office,
"ERO - SPRINGFIELD, MO SUB-OFFICE",MO,,,TRUE,field_office,
"ERO - ST. ALBANS, VT SUB OFFICE",VT,,,TRUE,field_office,
"ERO - ST. GEORGE, UT SUB OFFICE",UT,,,TRUE,field_office,
"ERO - ST. LOUIS, MO SUB-OFFICE",MO,,,TRUE,field_office,
"ERO - STEWART, GA SUB OFFICE",GA,,,TRUE,field_office,
"ERO - STOCKTON, CA SUB OFFICE",CA,,,TRUE,field_office,
"ERO - STUART, FL SUB OFFICE",FL,,,TRUE,field_office,
"ERO - SYRACUSE, NY SUB-OFFICE",NY,,,TRUE,field_office,
"ERO - TACOMA,WA SUB OFFICE",WA,,,TRUE,field_office,
"ERO - TALLAHASSEE, FL SUB OFFICE",FL,,,TRUE,field_office,
"ERO - TEXARKANA, AR SUB OFFICE",AR,,,TRUE,field_office,
"ERO - TULSA, OK SUB-OFFICE",OK,,,TRUE,field_office,
"ERO - TWIN FALLS, IDAHO SUB OFFICE",,,,TRUE,field_office,
"ERO - VENTURA, CA SUB OFFICE",CA,,,TRUE,field_office,
"ERO - WACO, TX SUB OFFICE",TX,,,TRUE,field_office,
"ERO - WENATCHEE,WA SUB OFFICE",WA,,,TRUE,field_office,
"ERO - WESTMINSTER, CA SUB OFFICE",CA,,,TRUE,field_office,
"ERO - WHITE PLAINS, NY SUB OFFICE",NY,,,TRUE,field_office,
"ERO - WICHITA, KS SUB-OFFICE",KS,,,TRUE,field_office,
"ERO - WILMINGTON, NC SUB OFFICE",NC,,,TRUE,field_office,
"ERO - WINNFIELD, LA SUB-OFFICE",LA,,,TRUE,field_office,
"ERO - YAKIMA, WA SUB-OFFICE",WA,,,TRUE,field_office,
"ERO - YORK, PA SUB-OFFICE",PA,,,TRUE,field_office,
"ERO - YUMA, AZ SUB OFFICE",AZ,,,TRUE,field_office,
ETOWAH COUNTY SHERIFF'S OFFICE,,,,,,
FERNDALE SUB OFFICE DCO,,,,TRUE,field_office,
"FISHKILL, NY IRP SUB-OFFICE",NY,,,TRUE,field_office,
"FLORENCE, AZ, PROCESSING CENTER",AZ,,,TRUE,staging_processing,
"FLORENCE, AZ, SERVICE PROCESSING CENTER (DOCKET CONTROL OFFICE)",AZ,,,TRUE,staging_processing,
FOLKSTON ICE PROCESSING CENTER,,,,TRUE,staging_processing,
"FORT MYERS, FL, POE",FL,,,,,
"FORT WAYNE, IN SUB-OFFICE",IN,,,TRUE,field_office,
FREDERICK COUNTY SHERIFF'S OFFICE,,,,,,
"FRESNO, CA, SUB-OFFICE",CA,,,TRUE,field_office,
"GARDEN CITY, KS SUB-OFFICE",KS,,,TRUE,field_office,
GASTON COUNTY SHERIFF'S OFFICE,,,,,,
GEORGIA DEPARTMENT OF CORRECTIONS,,,,,,
GIBRALTAR BORDER PATROL STATION,,,,TRUE,border_station,
GOLIAD COUNTY SHERIFF'S OFFICE,,,,,,
"GRAND FORKS, ND, POE",ND,,,,,
"GRAND JUNCTION, CO, SUB-OFFICE",CO,,,TRUE,field_office,
GREENE COUNTY SHERIFF'S OFFICE,,,,,,
HALL COUNTY SHERIFF'S OFFICE,,,,,,
HARFORD COUNTY SHERIFF'S OFFICE,,,,,,
"HARLINGEN, TX, DISTRICT OFFICE",TX,,,,,
"HARLINGEN, TX, DOCKET CONTROL OFFICE",TX,,,,,
HARRIS COUNTY SHERIFF'S OFFICE,,,,,,
"HARTFORD, CT, DOCKET CONTROL OFFICE",CT,,,,,
"HARTFORD, CT, POE",CT,,,,,
"HARTFORD, CT, SUB-OFFICE",CT,,,TRUE,field_office,
HENDERSON COUNTY SHERIFF'S OFFICE,,,,,,
HERNANDO COUNTY SHERIFF'S OFFICE,,,,,,
"HONOLULU, HI, DOCKET CONTROL OFFICE",HI,,,,,
HORRY COUNTY SHERIFF'S OFFICE- J. REUBEN LONG DETENTION CENTER,,,,,,
"HOUSTON, TX, DISTRICT OFFICE",TX,,,,,
"HOUSTON, TX, DOCKET CONTROL OFFICE",TX,,,,,
"HOUSTON, TX, POE",TX,,,,,
HSI ASAC PORTLAND OR,,,,,,
HSI RA BATON ROUGE LA,,,,,,
HSI RA DULUTH MN,,,,,,
HSI RA PANAMA CITY FL,,,,,,
HSI RAC ALBANY NY,,,,,,
HSI RAC AUSTIN TX,,,,,,
HSI RAC BIRMINGHAM AL,,,,,,
HSI RAC CLEVELAND OH,,,,,,
HSI RAC FT. MYERS FL,,,,,,
HSI RAC GRAND FORKS ND,,,,,,
HSI RAC GRAND RAPIDS MI,,,,,,
HSI RAC HARLINGEN TX,,,,,,
HSI RAC HOUMA LA,,,,,,
HSI RAC KALISPELL MT,,,,,,
HSI RAC KNOXVILLE TN,,,,,,
HSI RAC MCALLEN TX,,,,,,
HSI RAC MEMPHIS TN,,,,,,
HSI RAC MONTGOMERY AL,,,,,,
HSI RAC O'HARE IL,,,,,,
HSI RAC OK CITY OK,,,,,,
HSI RAC ORLANDO FL,,,,,,
HSI RAC ROSWELL,,,,,,
HSI RAC SPRINGFIELD MO,,,,,,
HSI RAC ST. LOUIS MO,,,,,,
HSI RAC VENTURA CA,,,,,,
HSI SAC ATLANTA,,,,,,
HSI SAC CHARLOTTE NC,,,,,,
HSI SAC CHICAGO,,,,,,
HSI SAC DALLAS,,,,,,
HSI SAC EL PASO,,,,,,
HSI SAC HONOLULU HI,,,,,,
HSI SAC HOUSTON,,,,,,
HSI SAC LOS ANGELES,,,,,,
HSI SAC MIAMI,,,,,,
HSI SAC NASHVILLE TN,,,,,,
HSI SAC PHOENIX AZ,,,,,,
HSI SAC SAN ANTONIO,,,,,,
HSI SAC SAN DIEGO,,,,,,
HSI SAC SAN JUAN,,,,,,
HSI SAC SEATTLE,,,,,,
HSI SAC ST. PAUL,,,,,,
HSI SAC TAMPA,,,,,,
HSI SAC WASHINGTON DC,,,,,,
ICE ERO - MOUNT LAUREL NJ SUB-OFC,,,,,,
ICE ERO LAS CRUCES SUB OFFICE,,,,TRUE,field_office,
ICE ERO MIAMI PANAMA CITY BEACH SUB-OFFICE,,,,TRUE,field_office,
ICE ERO MIAMI PENSACOLA SUB-OFFICE,,,,TRUE,field_office,
"ICE ERO-MIDLAND, TX SUB-OFFICE",TX,,,TRUE,field_office,
JACKSONVILLE SHERIFF'S OFFICE,,,,,,
"JACKSONVILLE, FL, BORDER PATROL STATION",FL,,,TRUE,border_station,
"KANSAS CITY MO, POE",,,,,,
"KANSAS, MO, DOCKET CONTROL OFFICE",MO,,,,,
KLEBERG COUNTY SHERIFF'S OFFICE,,,,,,
KNOX COUNTY SHERIFF'S OFFICE,,,,,,
"KROME, MIAMI, FL, DOCKET CONTROL OFFICE",FL,,,,,
"KROME, MIAMI, FL, NORTH SERVICE PROCESSING CENTER",FL,,,TRUE,staging_processing,
"LAS CRUCES, NM, BORDER PATROL STATION",NM,,,TRUE,border_station,
"LAS VEGAS, NV, DOCKET CONTROL OFFICE",NV,,,,,
"LAS VEGAS, NV, SUB-OFFICE",NV,,,TRUE,field_office,
LAVACA COUNTY SHERIFF'S OFFICE,,,,,,
LAW ENFORCEMENT SUPPORT CENTER - ERO,,,,,,
LEXINGTON COUNTY SHERIFF'S DEPARTMENT,,,,,,
"LOMPOC, CA, IHP",CA,,,,,
"LONG ISLAND, NY SUB-OFFICE",NY,,,TRUE,field_office,
"LOS ANGELES, CA, DISTRICT OFFICE",CA,,,,,
"LOS ANGELES, CA, DOCKET CONTROL OFFICE",CA,,,,,
"LOS ANGELES, CA, POE",CA,,,,,
"LOUISVILLE, KY, SUB-OFFICE",KY,,,TRUE,field_office,
MASSACHUSETTS DEPARTMENT OF CORRECTION,,,,,,
"MCALLEN, TX, BORDER PATROL STATION",TX,,,TRUE,border_station,
"MEDFORD, OR, SUB-OFFICE",OR,,,TRUE,field_office,
"MEMPHIS, TN, POE",TN,,,,,
"MEMPHIS, TN, SUB-OFFICE",TN,,,TRUE,field_office,
"MIAMI INTERNATIONAL AIRPORT, MIAMI FLORIDA, POE",,,,TRUE,airport,
"MIAMI, FL, DISTRICT OFFICE",FL,,,,,
"MIAMI, FL, DOCKET CONTROL OFFICE",FL,,,,,
"MILWAUKEE, WI, SUB-OFFICE",WI,,,TRUE,field_office,
"MOBILE, AL, BORDER PATROL STATION",AL,,,TRUE,border_station,
MONTGOMERY COUNTY SHERIFF'S OFFICE,,,,,,
MOSHANNON VALLEY PROCESSING CENTER,,,,TRUE,staging_processing,
"MT. LAUREL, NJ, POE",MT,,,,,
"NASHVILLE, TN, POE",TN,,,,,
"NEW ORLEANS, LA, DISTRICT OFFICE",LA,,,,,
"NEW ORLEANS, LA, DOCKET CONTROL OFFICE",LA,,,,,
"NEW YORK, NY, DISTRICT OFFICE",NY,,,,,
"NEW YORK, NY, DOCKET CONTROL OFFICE",NY,,,,,
"NEWARK, NJ, DISTRICT OFFICE",NJ,,,,,
"NEWARK, NJ, DOCKET CONTROL OFFICE",NJ,,,,,
"NEWBURGH NY, SUB-OFFICE",,,,TRUE,field_office,
NUECES COUNTY SHERIFF'S OFFICE,,,,,,
"OAK - ERO - OAKDALE, LA SUB-OFFICE",LA,,,TRUE,field_office,
"OAKDALE, LA PROC, FILE CONTROL OFFICE",LA,,,,,
"OKLAHOMA CITY, OK, POE",OK,,,,,
"OMAHA, NE, DOCKET CONTROL OFFICE",NE,,,,,
"OMAHA, NE, POE",NE,,,,,
ORANGE COUNTY SHERIFF'S OFFICE,,,,,,
"ORLANDO, FL, DOCKET CONTROL OFFICE",FL,,,,,
"PECOS, TX, IHP",TX,,,,,
"PHILADELPHIA, PA, DISTRICT OFFICE",PA,,,,,
"PHILADELPHIA, PA, DOCKET CONTROL OFFICE",PA,,,,,
"PHOENIX, AZ, DISTRICT OFFICE",AZ,,,,,
"PHOENIX, AZ, DOCKET CONTROL OFFICE",AZ,,,,,
"PHOENIX, AZ, POE",AZ,,,,,
PINAL COUNTY SHERIFF'S OFFICE,,,,,,
"PITTSBURG, PA, SUB-OFFICE",PA,,,TRUE,field_office,
"PITTSBURGH, PA, DOCKET CONTROL OFFICE",PA,,,,,
"PORT ISABEL, TX, DOCKET CONTROL OFFICE",TX,,,,,
"PORTLAND, ME, DOCKET CONTROL OFFICE",ME,,,,,
"PORTLAND, OR, DISTRICT OFFICE",OR,,,,,
"PORTLAND, OR, DOCKET CONTROL OFFICE",OR,,,,,
"PORTLAND, OR, POE",OR,,,,,
POTTER COUNTY SHERIFF'S OFFICE,,,,,,
PRAIRIELAND DETENTION CENTER,,,,,,
"PROVIDENCE, RI, DOCKET CONTROL OFFICE",RI,,,,,
RAC ATLANTIC CITY,,,,,,
"RALEIGH/DURHAM, NC, POE",NC,,,,,
"RALEIGH/DURHAM, NC, SUB-OFFICE",NC,,,TRUE,field_office,
"REDDING, CA SUB-OFFICE",CA,,,TRUE,field_office,
REFUGIO COUNTY SHERIFF'S OFFICE,,,,,,
"RENO, NV, DOCKET CONTROL OFFICE",NV,,,,,
"RENO, NV, SUB-OFFICE",NV,,,TRUE,field_office,
RENSSELAER COUNTY SHERIFF'S OFFICE,,,,,,
ROCKWALL COUNTY SHERIFF'S OFFICE,,,,,,
"ROSWELL, NM SUB-OFFICE",NM,,,TRUE,field_office,
"SACRAMENTO, CA, POE",CA,,,,,
"SACRAMENTO, CA, SUB-OFFICE",CA,,,TRUE,field_office,
"SALT LAKE CITY, UT, DISTRICT OFFICE",UT,,,,,
"SALT LAKE CITY, UT, DOCKET CONTROL OFFICE",UT,,,,,
"SAN ANTONIO, TX, POE",TX,,,,,
"SAN BERNADINO, CA, SUB-OFFICE",CA,,,TRUE,field_office,
SAN BERNARDINO COUNTY SHERIFF'S OFFICE,,,,,,
"SAN BERNARDINO,CA POE",CA,,,,,
"SAN DIEGO, CA, DISTRICT OFFICE",CA,,,,,
"SAN DIEGO, CA, DOCKET CONTROL OFFICE",CA,,,,,
"SAN FRANCISCO, CA, DISTRICT OFFICE",CA,,,,,
"SAN FRANCISCO, CA, DOCKET CONTROL OFFICE",CA,,,,,
"SAN FRANCISCO, CA, POE",CA,,,,,
"SAN JUAN, PR, DISTRICT OFFICE",PR,,,,,
"SAN JUAN, PR, SERVICE PROCESSING CENTER (DOCKET CONTROL OFFICE)",PR,,,TRUE,staging_processing,
SAN PATRICIO COUNTY SHERIFF'S OFFICE,,,,,,
"SANTA ANA, CA, SUB-OFFICE",CA,,,TRUE,field_office,
"SAVANNAH, GA, SUB-OFFICE",GA,,,TRUE,field_office,
"SEATTLE, WA, DISTRICT OFFICE",WA,,,,,
"SEATTLE, WA, DOCKET CONTROL OFFICE",WA,,,,,
SOUTH TEXAS FAMILY RESIDENTIAL CENTER,,,,,,
"ST. LOUIS, MO, SUB-OFFICE",MO,,,TRUE,field_office,
"ST. PAUL, MN, DISTRICT OFFICE",MN,,,,,
"ST. PAUL, MN, DOCKET CONTROL OFFICE",MN,,,,,
"ST. PAUL, MN, POE",MN,,,,,
"TAMPA, FL, DOCKET CONTROL OFFICE",FL,,,,,
"TAMPA, FL, POE",FL,,,,,
"TAMPA, FL, SUB-OFFICE",FL,,,TRUE,field_office,
TARRANT COUNTY SHERIFF'S OFFICE,,,,,,
TELLER COUNTY SHERIFF'S OFFICE,,,,,,
TERRELL COUNTY SHERIFF'S OFFICE,,,,,,
"TUCSON, AZ, DOCKET CONTROL OFFICE",AZ,,,,,
"TUCSON, AZ, SUB-OFFICE",AZ,,,TRUE,field_office,
TULSA COUNTY SHERIFF'S OFFICE,,,,,,
"US VIRGIN ISLANDS, CHARLOTTE AMALIE, DOCKET CONTROL OFFICE",,,,,,
"VARRICK, NY, SERVICE PROCESSING CENTER (DOCKET CONTROL OFFICE)",NY,,,TRUE,staging_processing,
VICTORIA COUNTY SHERIFF'S OFFICE,,,,,,
WALKER COUNTY SHERIFF'S OFFICE,,,,,,
"WASHINGTON DC, (HQ) OFFICE OF DETENTION AND REMOVAL OPERATIONS",,,,,,
"WASHINGTON, DC, (HQ) DOCKET CONTROL OFFICE",DC,,,,,
"WASHINGTON, DC, DISTRICT OFFICE",DC,,,,,
"WASHINGTON, DC, DOCKET CONTROL OFFICE",DC,,,,,
WAUKESHA COUNTY SHERIFFS OFFICE,,,,,,
WENATCHEE DUTY POST,,,,,,
"WEST PALM BEACH, FL, POE",FL,,,,,
WHITFIELD COUNTY SHERIFF'S OFFICE,,,,,,
"WICHITA, KS, SUB-OFFICE",KS,,,TRUE,field_office,
"WILLIAMSPORT, PA SUB OFFICE",PA,,,TRUE,field_office,
"WNF - ERO - WINNFIELD, LA SUB-OFFICE",LA,,,TRUE,field_office,
"YAKIMA, WA, SUB-OFFICE",WA,,,TRUE,field_office,
YAVAPAI COUNTY SHERIFF'S OFFICE,,,,,,
YORK COUNTY SHERIFF'S OFFICE,,,,,,
